Workbook

Sheet Readme
A1: Readme Controlling Tooling
A4: Todos
A5: Initial
A6: 1 malig die notwendigen Werte im Reiter "Projektkonfiguration" pflegen
A9: Wiederkehrend (je gewünschter Auswertung)
A10: Heimat Export einfügen (siehe Reiter "Heimat Input")
A11: Jira Export einfügen (siehe Reiter "Jira Input")
A12: Beide Pivots Tabellen aktualisieren
A16: Voraussetzungen
A17: Die Vorgänge in Heimat müssen den Vorgaben gemäß Blueprint entsprechen ("PM", "AGILE", etc.)
A18: Für Stories, die ausschließlich nach Festpreis gegenüber Dienstleister abgerechnet werden, dürfen keine Heimat-Punkte existieren
A19: Jede Story, die wir gegenüber Kunde abrechnen, benötigt auch einen eigenen Heimatvorgang

Sheet Dashboard
B1: Projektcontrolling Dashboard
B4: Schätzgrößen Validierung | I4: Soll-Ist-Kostenvergleich
B5: Für Details auf Story Ebene siehe "Jira Input" Tab | I5: Für Details auf Cluster Ebene siehe "Details"
I6: Standard-Cluster | O6: Optionale-Cluster
B8: Delta in % | C8: =IFERROR(GETPIVOTDATA("Delta in %",'Jira Input'!$K$5,"Tshirt Size",B9),"-") -> - | E8: Delta in % | F8: =IFERROR(GETPIVOTDATA("Delta in %",'Jira Input'!$K$5,"Tshirt Size",E9),"-") -> - | I8: Delta in % | J8: =Details!G8 -> - | L8: Delta in % | M8: =Details!G9 -> - | O8: Delta in % | P8: =Details!G12 -> - | R8: Delta in % | S8: =Details!G13 -> -
B9: XS | E9: S | I9: PM | L9: AGILE | O9: SHORE | R9: OPS
B14: Delta in % | C14: =IFERROR(GETPIVOTDATA("Delta in %",'Jira Input'!$K$5,"Tshirt Size",B15),"-") -> - | E14: Delta in % | F14: =IFERROR(GETPIVOTDATA("Delta in %",'Jira Input'!$K$5,"Tshirt Size",E15),"-") -> - | I14: Delta in % | J14: =Details!G10 -> - | L14: Delta in % | M14: =Details!G11 -> - | O14: Delta in % | P14: =Details!G14 -> - | R14: Delta in % | S14: =Details!G15 -> -
B15: M | E15: L | I15: STORY | L15: DEFECT | O15: TRANS | R15: NWK
B20: Delta in % | C20: =IFERROR(GETPIVOTDATA("Delta in %",'Jira Input'!$K$5,"Tshirt Size",B21),"-") -> -
B21: XL
J27: NWK buchen nur auf NWK-Punkt
J28: Betruer buchen review und betreuung auf die Story
B31: Rendite des Auswertungszeitraums
B32: Umsatz | C32: =Details!E27 -> 0
B33: Kosten | C33: nach h | D33: =Details!D46 -> 0
C34: nach Festpreis | D34: =Details!D41 -> 0
B35: Rendite | C35: =(C32-(D33+D34))/C32 -> #DIV/0!

Sheet Projektkonfiguration
A1: Auf dieser Seite musst du als PL alle projektspezifischen Konfigurationen hinterlegen, damit die Auswertungen des Tools korrekt funktionieren. WICHTIG: du musst und solltest an keiner anderen Stelle in der Excel etwas ändern.
A5: Zielrendite | B5: 0.25 | C5: Die angestrebte Zielrendite ist immer >25%
A7: Vereinbarte T-Shirt Größen | G7: Heimat-Kostenstruktur
C8: Wie viel Geld bekommen wir für diese Story von unserem Kunden? | D8: Wie viel Geld müssen wir für die Umsetzung der Story unseren externen Dienstleistern bezahlen? | G8: Pflege als PL die Verteilung der Betriebsleistung entsprechend deinem Projekt Staffing. Du darfst nur die Kollegen berücksichtigen, die je geleisteter Stunde Kosten für dein Projekt verursachen. Externe, die nach Festpreis über SP bezahlt werden sind für die interne Schätzvalidierung nicht relevant. Die weitere Berechnung erfolgt dann über den ermittelten Mischstundensatz.
A9: SP | B9: Größe | C9: €-Kunde | D9: €-DL | H9: Anteil Betriebsleistung | I9: Stundensätze (ggfs. gemittelt)
A10: 1 | B10: XS | C10: 380 | D10: 292 | G10: onshore | H10: 0 | I10: 100
A11: 2 | B11: S | C11: 760 | D11: 582 | G11: nearshore | H11: 0 | I11: 60
A12: 3 | B12: M | C12: 1135 | D12: 876 | G12: offshore | H12: 0 | I12: 39
A13: 5 | B13: L | C13: 1890 | D13: 1460 | G13: intern | H13: 1 | I13: 112.89 | J13: Selbstkostensatz von doubleSlash
A14: 8 | B14: XL | C14: 3030 | D14: 2336 | G14: Kontrollsumme | H14: =SUM(H10:H13) -> 1 | I14: =H10*I10+H11*I11+H12*I12+H13*I13 -> 112.89 | J14: Mischstundensatz
A19: Aufwandsstruktur
A20: Pflege als PL die gewünschte SOLL-Verteilung der Aufwände auf die verschiedenen Cluster. Ggfs. sind die SOLL-Werte durch Blueprint bzw. die Projektbeauftragung vorgegeben.
A22: Cluster | B22: SOLL-Wert (% von Gesamtstunden) | D22: Kommentar
A23: Projektmanagement (PM) | B23: 0.1 | D23: Must-Have Cluster Richtwerte gemäß Blueprint
A24: Agile Overhead (AGILE) | B24: 0.2
A25: Agile Umfänge (STORY) | B25: 0.7
A26: Defects (DEFECT) | B26: 0
A27: Shoring Overhead (SHORE) | B27: tbd | D27: ggfs. separate Beauftragung - nicht immer vorhanden
A28: Operations (OPS) | B28: tbd | D28: ggfs. separate Beauftragung - nicht immer vorhanden
A29: Transition (TRANS) | B29: tbd | D29: ggfs. separate Beauftragung - nicht immer vorhanden
A30: Nachwuchskräfte (NWK) | B30: tbd
A31: (Kontroll)-Summe | B31: =SUM(B23:C30) -> 1

Sheet Details
B1: Hier kannst du verschiedene Details für den Auswertungszeitraum einsehen. Der Auswertungszeitraum ist der Zeitraum, für den du Heimat- und Jira Exports getätigt hast. Du musst in diesem Reiter keine Werte eigenständig anpassen!
B4: Soll-Ist-Kostenvergleich | J4: Rentabilität
B5: Hier kannst du als PL einsehen, wie sich die Aufwände auf die verschiedenen Aufwandscluster verteilen und wo es größere Abweichungen zu den Soll-Werten gibt | J5: Wie viele Stunden dürfen abhängig von der hinterlegten Zielrendite maximal je SP aufgewendet werden? | N5: h/SP | O5: =(T5-T5*Projektkonfiguration!B5)/Projektkonfiguration!I14 -> 2.5158398 | P5: Wie viel € bekommen wir als doubleSlash je SP vom Kunden bezahlt? | S5: €/SP | T5: =SUM(Projektkonfiguration!C10:C14)/SUM(Projektkonfiguration!A10:A14) -> 378.68421
B7: Cluster | C7: SOLL-Wert (% von Gesamtstunden) | D7: Soll-Wert in Stunden | E7: IST-Wert Gesamt | F7: Delta in h | G7: Delta in %
B8: PM | C8: =Projektkonfiguration!B23 -> 0.1 | D8: =IFERROR($B$46*C8,"-") -> 0 | E8: =IFERROR(GETPIVOTDATA("Dauer",'Heimat Input'!$V$12,"Vorgang",B8),"-") -> - | F8: =IFERROR(E8-D8,"-") -> - | G8: =IFERROR(F8/D8,"-") -> -
B9: AGILE | C9: =Projektkonfiguration!B24 -> 0.2 | D9: =IFERROR($B$46*C9,"-") -> 0 | E9: =IFERROR(GETPIVOTDATA("Dauer",'Heimat Input'!$V$12,"Vorgang",B9),"-") -> - | F9: =IFERROR(E9-D9,"-") -> - | G9: =IFERROR(F9/D9,"-") -> -
B10: STORY | C10: =Projektkonfiguration!B25 -> 0.7 | D10: =IFERROR($B$46*C10,"-") -> 0 | E10: =GETPIVOTDATA("Summe von IST-Wert",'Jira Input'!$K$5) -> 0 | F10: =IFERROR(E10-D10,"-") -> 0 | G10: =IFERROR(F10/D10,"-") -> - | J10: T-Shirt Size Details
B11: DEFECT | C11: =Projektkonfiguration!B26 -> 0 | D11: =IFERROR($B$46*C11,"-") -> 0 | E11: =IFERROR(GETPIVOTDATA("Dauer",'Heimat Input'!$V$12,"Vorgang",B11),"-") -> - | F11: =IFERROR(E11-D11,"-") -> - | G11: =IFERROR(F11/D11,"-") -> - | J11: Für Details einzelner Stories siehe Reiter "Jira Input"
B12: SHORE | C12: =Projektkonfiguration!B27 -> tbd | D12: =IFERROR($B$46*C12,"-") -> - | E12: =IFERROR(GETPIVOTDATA("Dauer",'Heimat Input'!$V$12,"Vorgang",B12),"-") -> - | F12: =IFERROR(E12-D12,"-") -> - | G12: =IFERROR(F12/D12,"-") -> -
B13: OPS | C13: =Projektkonfiguration!B28 -> tbd | D13: =IFERROR($B$46*C13,"-") -> - | E13: =IFERROR(GETPIVOTDATA("Dauer",'Heimat Input'!$V$12,"Vorgang",B13),"-") -> - | F13: =IFERROR(E13-D13,"-") -> - | G13: =IFERROR(F13/D13,"-") -> -
B14: TRANS | C14: =Projektkonfiguration!B29 -> tbd | D14: =IFERROR($B$46*C14,"-") -> - | E14: =IFERROR(GETPIVOTDATA("Dauer",'Heimat Input'!$V$12,"Vorgang",B14),"-") -> - | F14: =IFERROR(E14-D14,"-") -> - | G14: =IFERROR(F14/D14,"-") -> -
B15: NWK | C15: =Projektkonfiguration!B30 -> tbd | D15: =IFERROR($B$46*C15,"-") -> - | E15: =IFERROR(GETPIVOTDATA("Dauer",'Heimat Input'!$V$12,"Vorgang",B15),"-") -> - | F15: =IFERROR(E15-D15,"-") -> - | G15: =IFERROR(F15/D15,"-") -> -
B16: (Kontroll)-Summen | C16: =SUM(C8:C15) -> 1
B20: Umsatzdetails
B21: T-Shirts | C21: Anzahl | E21: Umsatz
B22: XS | C22: =IFERROR(GETPIVOTDATA("Anzahl von Tshirt Size",'Jira Input'!K5,"Tshirt Size",$B22),"-") -> - | E22: =IFERROR($C22*VLOOKUP(B22,Projektkonfiguration!$B$10:$D$14,2,FALSE),"-") -> -
B23: S | C23: =IFERROR(GETPIVOTDATA("Anzahl von Tshirt Size",'Jira Input'!K6,"Tshirt Size",$B23),"-") -> - | E23: =IFERROR($C23*VLOOKUP(B23,Projektkonfiguration!$B$10:$D$14,2,FALSE),"-") -> -
B24: M | C24: =IFERROR(GETPIVOTDATA("Anzahl von Tshirt Size",'Jira Input'!K7,"Tshirt Size",$B24),"-") -> - | E24: =IFERROR($C24*VLOOKUP(B24,Projektkonfiguration!$B$10:$D$14,2,FALSE),"-") -> -
B25: L | C25: =IFERROR(GETPIVOTDATA("Anzahl von Tshirt Size",'Jira Input'!K8,"Tshirt Size",$B25),"-") -> - | E25: =IFERROR($C25*VLOOKUP(B25,Projektkonfiguration!$B$10:$D$14,2,FALSE),"-") -> -
B26: XL | C26: =IFERROR(GETPIVOTDATA("Anzahl von Tshirt Size",'Jira Input'!K9,"Tshirt Size",$B26),"-") -> - | E26: =IFERROR($C26*VLOOKUP(B26,Projektkonfiguration!$B$10:$D$14,2,FALSE),"-") -> -
D27: Summe | E27: =SUM(E22:G26) -> 0
B30: Kostendetails
B32: Kosten durch externe DL
B33: Zeigt alle Kosten je Auswertungszeitraum für die durch externe DL abgeschlossenen Stories nach Festpreis
B35: T-Shirts | C35: Anzahl | D35: Kosten
B36: XS | C36: =IFERROR(GETPIVOTDATA("Anzahl von Tshirt Size",'Jira Input'!$K$5,"Externe Story","ja","Tshirt Size",B36),"0") -> 0 | D36: =$C36*VLOOKUP(B36,Projektkonfiguration!$B$10:$D$14,3,FALSE) -> 0
B37: S | C37: =IFERROR(GETPIVOTDATA("Anzahl von Tshirt Size",'Jira Input'!$K$5,"Externe Story","ja","Tshirt Size",B37),"0") -> 0 | D37: =$C37*VLOOKUP(B37,Projektkonfiguration!$B$10:$D$14,3,FALSE) -> 0
B38: M | C38: =IFERROR(GETPIVOTDATA("Anzahl von Tshirt Size",'Jira Input'!$K$5,"Externe Story","ja","Tshirt Size",B38),"0") -> 0 | D38: =$C38*VLOOKUP(B38,Projektkonfiguration!$B$10:$D$14,3,FALSE) -> 0
B39: L | C39: =IFERROR(GETPIVOTDATA("Anzahl von Tshirt Size",'Jira Input'!$K$5,"Externe Story","ja","Tshirt Size",B39),"0") -> 0 | D39: =$C39*VLOOKUP(B39,Projektkonfiguration!$B$10:$D$14,3,FALSE) -> 0
B40: XL | C40: =IFERROR(GETPIVOTDATA("Anzahl von Tshirt Size",'Jira Input'!$K$5,"Externe Story","ja","Tshirt Size",B40),"0") -> 0 | D40: =$C40*VLOOKUP(B40,Projektkonfiguration!$B$10:$D$14,3,FALSE) -> 0
C41: Summe | D41: =SUM(D36:D40) -> 0
B44: Kosten durch verbuchte h
B45: Gesamtaufwand in h | C45: Mischstundensatz | D45: Kosten
B46: =GETPIVOTDATA("Dauer",'Heimat Input'!$V$12) -> 0 | C46: =Projektkonfiguration!I14 -> 112.89 | D46: =C46*B46 -> 0
B49: Gesamtkosten | C49: =D46+D41 -> 0

Sheet Heimat Input
C1: Heimat Input
C2: WICHTIG: Muss ggfs. um Zeitnachweise ergänzt werden, die nicht in Heimat verbucht haben!
A4: Mitarbeiter:in | B4: Datum | C4: Dauer | D4: Projekt | E4: Organisationseinheit | F4: Vorgang | G4: Beschreibung | V4: Bitte Pivot Tabelle aktualisieren sofern neue Heimat Daten hinzugekommen sind!
V12: Zeilenbeschriftungen | W12: Summe von Dauer
V13: (Leer)
V14: Gesamtergebnis

Sheet Jira Input
A2: Jira Input | D2: Automatische Berechnung/Ermittlung
A3: Hier siehst du auf Story Ebene, welche Story über und welche unter Budget bearbeitet wurde. Die Pivot berechnet den durchschnittlichen Verbrauch je T-Shirt Größe.
A5: Key | B5: Summary | C5: Story Points | D5: Tshirt Size | E5: IST-Wert | F5: SOLL-Wert | G5: Delta in h | H5: Delta in % | I5: Externe Story | K5: Zeilenbeschriftungen | L5: Summe von IST-Wert | M5: Mittelwert von Delta in % | N5: Anzahl von Tshirt Size
D6: =VLOOKUP(C6,Projektkonfiguration!$A$10:$B$14,2,FALSE) -> #N/A | E6: =IFERROR(GETPIVOTDATA("Dauer",'Heimat Input'!$V$12,"Vorgang",A6),"n.a.") -> n.a. | F6: =C6*Details!$O$5 -> 0 | G6: =IFERROR((F6-E6)*-1,"n.a.") -> n.a. | H6: =IFERROR(G6/F6,"n.a.") -> n.a. | I6: =IF(E6="n.a.","ja","nein") -> ja | K6: (Leer) | P6: Bitte Pivot Tabelle aktualisieren sofern neue Jira Daten hinzugekommen sind!
D7: =VLOOKUP(C7,Projektkonfiguration!$A$10:$B$14,2,FALSE) -> #N/A | E7: =IFERROR(GETPIVOTDATA("Dauer",'Heimat Input'!$V$12,"Vorgang",A7),"n.a.") -> n.a. | F7: =C7*Details!$O$5 -> 0 | G7: =IFERROR((F7-E7)*-1,"n.a.") -> n.a. | H7: =IFERROR(G7/F7,"n.a.") -> n.a. | I7: =IF(E7="n.a.","ja","nein") -> ja | K7: (Leer)
D8: =VLOOKUP(C8,Projektkonfiguration!$A$10:$B$14,2,FALSE) -> #N/A | E8: =IFERROR(GETPIVOTDATA("Dauer",'Heimat Input'!$V$12,"Vorgang",A8),"n.a.") -> n.a. | F8: =C8*Details!$O$5 -> 0 | G8: =IFERROR((F8-E8)*-1,"n.a.") -> n.a. | H8: =IFERROR(G8/F8,"n.a.") -> n.a. | I8: =IF(E8="n.a.","ja","nein") -> ja | K8: #NV | L8: 0 | M8: #DIV/0! | N8: #N/A
D9: =VLOOKUP(C9,Projektkonfiguration!$A$10:$B$14,2,FALSE) -> #N/A | E9: =IFERROR(GETPIVOTDATA("Dauer",'Heimat Input'!$V$12,"Vorgang",A9),"n.a.") -> n.a. | F9: =C9*Details!$O$5 -> 0 | G9: =IFERROR((F9-E9)*-1,"n.a.") -> n.a. | H9: =IFERROR(G9/F9,"n.a.") -> n.a. | I9: =IF(E9="n.a.","ja","nein") -> ja | K9: ja | L9: 0 | M9: #DIV/0! | N9: 7
D10: =VLOOKUP(C10,Projektkonfiguration!$A$10:$B$14,2,FALSE) -> #N/A | E10: =IFERROR(GETPIVOTDATA("Dauer",'Heimat Input'!$V$12,"Vorgang",A10),"n.a.") -> n.a. | F10: =C10*Details!$O$5 -> 0 | G10: =IFERROR((F10-E10)*-1,"n.a.") -> n.a. | H10: =IFERROR(G10/F10,"n.a.") -> n.a. | I10: =IF(E10="n.a.","ja","nein") -> ja | K10: Gesamtergebnis | L10: 0 | M10: #DIV/0! | N10: #N/A
D11: =VLOOKUP(C11,Projektkonfiguration!$A$10:$B$14,2,FALSE) -> #N/A | E11: =IFERROR(GETPIVOTDATA("Dauer",'Heimat Input'!$V$12,"Vorgang",A11),"n.a.") -> n.a. | F11: =C11*Details!$O$5 -> 0 | G11: =IFERROR((F11-E11)*-1,"n.a.") -> n.a. | H11: =IFERROR(G11/F11,"n.a.") -> n.a. | I11: =IF(E11="n.a.","ja","nein") -> ja
D12: =VLOOKUP(C12,Projektkonfiguration!$A$10:$B$14,2,FALSE) -> #N/A | E12: =IFERROR(GETPIVOTDATA("Dauer",'Heimat Input'!$V$12,"Vorgang",A12),"n.a.") -> n.a. | F12: =C12*Details!$O$5 -> 0 | G12: =IFERROR((F12-E12)*-1,"n.a.") -> n.a. | H12: =IFERROR(G12/F12,"n.a.") -> n.a. | I12: =IF(E12="n.a.","ja","nein") -> ja
